review_id,refactoring,smell,class_name,method,file,ordinal,behaviour,benefit,acceptance,note
EM01,ExtractMethod,LongMethod,Resolve,resolveMemberReference,SAP__SapMachine__6e62561730c4/src/jdk.compiler/share/classes/com/sun/tools/javac/comp/Resolve.java,45,changed,worsens,reject,"Nuk kompilon: metoda e nxjerrë cakton dhe kthen unboundRes, e cila është variabël lokale e metodës origjinale dhe nuk kalohet as deklarohet; vlera fillestare referenceNotFound humbet. Defekt i analizës së daljeve: variabla caktohet vetëm brenda if-it, ndaj vlera e mëparshme duhej të hynte si parametër."
EM02,ExtractMethod,LongMethod,AmbariManagementControllerImpl,getServicesForSmokeTests,apache__ambari__2bc4779a1e6a/ambari-server/src/main/java/org/apache/ambari/server/controller/AmbariManagementControllerImpl.java,28,preserved,improves,after_edit,Cikli që numëron komponentët e nisur sipas shërbimit është përgjegjësi e qartë; të gjitha variablat kalohen ose janë fusha. Duhet vetëm emër (p.sh. countChangedComponents) dhe ndreqje e dhëmbëzimit të rreshtit të parë.
EM03,ExtractMethod,LongMethod,DataDictionaryImpl,startWriting,apache__derby__bd246fc89d4f/java/org.apache.derby.engine/org/apache/derby/impl/sql/catalog/DataDictionaryImpl.java,7,preserved,improves,after_edit,"Nxjerr gjithë hyrjen në modalitetin e shkrimit me provat e përsëritura; blocked rishkruhet brenda, por nuk lexohet më pas në metodën origjinale. Emri extracted duhet ndërruar (p.sh. enterWriteMode)."
EM04,ExtractMethod,LongMethod,DataDictionaryImpl,createDictionaryTables,apache__derby__bd246fc89d4f/java/org.apache.derby.engine/org/apache/derby/impl/sql/catalog/DataDictionaryImpl.java,52,preserved,improves,after_edit,Krijimi i heap-eve të tabelave bazë është hap i veçantë i bootstrap-it; coreInfo dhe systemSchemaDesc janë fusha. Duhet emër (p.sh. createCoreTableHeaps).
EM05,ExtractMethod,LongMethod,DataDictionaryImpl,create_SYSIBM_procedures,apache__derby__bd246fc89d4f/java/org.apache.derby.engine/org/apache/derby/impl/sql/catalog/DataDictionaryImpl.java,79,preserved,neutral,reject,Nxjerr vetëm bllokun e parë (SQLCAMESSAGE) nga rreth njëzet blloqe të njëjta regjistrimi procedurash; metoda mbetet listë e gjatë dhe struktura bëhet jokonsistente. Rishikuesi do të kërkonte të gjitha blloqet ose asnjë.
EM06,ExtractMethod,LongMethod,DataDictionaryImpl,create_10_3_system_procedures_SYSIBM,apache__derby__bd246fc89d4f/java/org.apache.derby.engine/org/apache/derby/impl/sql/catalog/DataDictionaryImpl.java,81,preserved,neutral,reject,"I njëjti rast si EM05: një nga shumë blloqe paralele të procedurave LOB del jashtë, të tjerët mbeten."
EM07,ExtractMethod,LongMethod,Builder,mergeFrom,apache__drill__5e2251a9fd65/protocol/src/main/java/org/apache/drill/exec/proto/UserBitShared.java,25,preserved,improves,reject,"Bashkimi i fushës së përsëritur field është njësi koherente, por skedari gjenerohet nga protoc (UserBitShared.java); ndryshimi me dorë humbet në gjenerimin e radhës, ndaj nuk pranohet."
EM08,ExtractMethod,BrainMethod,DistributedRegion,initMembershipRoles,apache__geode__8fd839e8b73e/geode-core/src/main/java/org/apache/geode/internal/cache/DistributedRegion.java,20,preserved,improves,after_edit,"Ndan fazën e pritjes së roleve të kërkuara nga regjistrimi fillestar i anëtarëve; blloku përdor vetëm fusha dhe metoda. Metoda e nxjerrë mbetet e gjatë, por origjinali bëhet i lexueshëm. Duhet emër (p.sh. waitForRequiredRoles...)."
EM09,ExtractMethod,BrainMethod,SemanticAnalyzer,genPostGroupByBodyPlan,apache__hive__2fa22bf36089/ql/src/java/org/apache/hadoop/hive/ql/parse/SemanticAnalyzer.java,166,preserved,improves,after_edit,"Faza e fundit e planit (limit-i dhe file sink-u) është njësi koherente dhe kthen curr si e vetmja dalje; queryState është fushë. Duhet emër; shtatë parametrat janë të gjithë hyrje reale, por e afrojnë metodën te Long Parameter List."
EM10,ExtractMethod,BrainMethod,HMSHandler,map_schema_version_to_serde,apache__hive__2fa22bf36089/standalone-metastore/metastore-server/src/main/java/org/apache/hadoop/hive/metastore/HiveMetaStore.java,132,preserved,neutral,reject,"E gjithë trupi i metodës, nga try deri te finally, kalon në metodën e nxjerrë dhe origjinali mbetet vetëm mbështjellës. ex dhe success kalohen si parametra me vlerat konstante null dhe false, ndonëse duhej të ishin variabla lokale të metodës së re. Asnjë përfitim strukturor."
EM11,ExtractMethod,LongMethod,IgniteNamedInstance,initializeConfiguration,apache__ignite__7a7c407ea414/modules/core/src/main/java/org/apache/ignite/internal/IgnitionEx.java,8,preserved,improves,after_edit,Mbishkrimi i modalitetit të shpërndarjes nga vetia e sistemit është përgjegjësi e veçantë dhe e mbyllur; log dhe konstantja janë anëtarë të klasës. Duhet emër (p.sh. applyDeploymentModeOverride); depModeName mund të lexohej brenda metodës së re.
EM12,ExtractMethod,BrainMethod,IgniteSpiAdapter,checkConfigurationConsistency,apache__ignite__7a7c407ea414/modules/core/src/main/java/org/apache/ignite/spi/IgniteSpiAdapter.java,0,preserved,improves,after_edit,"Krahasimi i atributeve specifike të SPI-së është hap i qartë dhe i mbyllur; sb ndryshohet përmes referencës, si në origjinal. Duhet emër (p.sh. checkSpiAttributes)."
EM13,ExtractMethod,BrainMethod,BaseFragListBuilder,createFieldFragList,apache__lucene-solr__bca22d58e2d1/lucene/highlighter/src/java/org/apache/lucene/search/vectorhighlight/BaseFragListBuilder.java,0,preserved,improves,after_edit,"Cikli kryesor që ndërton fragmentet ndahet nga validimi dhe përgatitja; margin është fushë. phraseInfo (null) dhe startOffset (0) janë gjendje e ciklit dhe duhej të deklaroheshin brenda metodës së re, jo të kalonin si parametra; edhe dhëmbëzimi i deklarimit është i gabuar."
EM14,ExtractMethod,LongMethod,PageDrawer,showTransparencyGroup,apache__pdfbox__443b7dd95c57/pdfbox/src/main/java/org/apache/pdfbox/rendering/PageDrawer.java,7,preserved,improves,after_edit,"Vizatimi i imazhit të grupit, me ose pa maskë të butë, është njësi koherente; graphics është fushë dhe rivendosja e transformimit mbetet në origjinal. Duhet emër (p.sh. drawGroupImage)."
EM15,ExtractMethod,LongMethod,JSAMDEmitter,emitDefaultParameterCodeBlock,apache__royale-compiler__fbd9bc3b9e48/compiler-jx/src/main/java/org/apache/royale/compiler/internal/codegen/js/amd/JSAMDEmitter.java,3,preserved,improves,after_edit,"Pas kthimit të hershëm, gjenerimi i kodit për parametrat me vlerë fillestare del në metodë të vetën; pnodes nuk përdoret brenda. Duhet emër (p.sh. emitDefaultParameterInit)."
EM16,ExtractMethod,LongMethod,ImportProjectJob,importAsGeneralProject,aws__aws-toolkit-eclipse__49026f53fdd4/bundles/com.amazonaws.eclipse.core/src/com/amazonaws/eclipse/core/egit/jobs/ImportProjectJob.java,0,preserved,improves,after_edit,"Ndan mbledhjen e të dhënave në thread-in e UI-së nga krijimi dhe lidhja e projektit në workspace; defaultLocation nuk përdoret në bllok, dhe parametrat që kap klasa anonime janë efektivisht final. Duhet emër (p.sh. createAndConnectProject)."
EM17,ExtractMethod,LongMethod,ClasspathInitializerTests,testContainerInitializer17,eclipse__eclipse.jdt.core__24d47c292ed4/org.eclipse.jdt.core.tests.model/src/org/eclipse/jdt/core/tests/model/ClasspathInitializerTests.java,5,preserved,neutral,reject,"Metodë testi: i gjithë skenari, me try/finally, kalon në një ndihmës pa emër dhe testi mbetet vetëm krijimi i dëgjuesit. Leximi i testit vështirësohet; ndarja nuk ka kuptim për një test."
EM18,ExtractMethod,LongMethod,ASTRewriteFlattener,visit,eclipse__eclipse.jdt.core__24d47c292ed4/org.eclipse.jdt.core/dom/org/eclipse/jdt/internal/core/dom/rewrite/ASTRewriteFlattener.java,2,preserved,improves,after_edit,Shkrimi i parametrit marrës (receiver) është rast i veçantë dhe i mbyllur i vizitorit; përdor vetëm node dhe fushën result. Duhet emër (p.sh. visitReceiverParameter).
EM19,ExtractMethod,LongMethod,BindingModel,refresh,eclipse__eclipse.platform.ui__e3bbb556534a/bundles/org.eclipse.ui.workbench/Eclipse UI/org/eclipse/ui/internal/keys/model/BindingModel.java,2,preserved,improves,after_edit,"Cikli që shton lidhjet që mungojnë është hapi i parë nga tre i refresh-it dhe ka përgjegjësi të qartë; iteratori i kalon i konsumuar, por origjinali e rikrijon menjëherë pas thirrjes. Duhet emër (p.sh. addMissingBindings) dhe iteratori mund të krijohej brenda."
EM20,ExtractMethod,LongMethod,InternalN4JSLexer,mPrivate,eclipse__n4js__f715912fce03/plugins/org.eclipse.n4js.ui/src-gen/org/eclipse/n4js/ui/contentassist/antlr/lexer/InternalN4JSLexer.java,28,preserved,neutral,reject,"Lexer i gjeneruar nga ANTLR (src-gen): i gjithë trupi i mPrivate kalon në extracted() dhe metoda origjinale mbetet një thirrje e vetme. Asnjë përfitim, dhe kodi i gjeneruar nuk ndryshohet me dorë."
IPO01,IntroduceParameterObject,LongParameterList,SqlValidatorImpl,addOrExpandField,apache__calcite__a648f9c12309/core/src/main/java/org/apache/calcite/sql/validate/SqlValidatorImpl.java,6,preserved,neutral,reject,"Ruan sjelljen: metoda është private, të gjitha thirrjet u përditësuan dhe fushat shpaketohen menjëherë në variabla lokale. Por klasa AddOrExpandFieldParams merr emrin e metodës, mban të gjithë parametrat dhe ndërtohet me të njëjtat argumente në të njëjtën radhë, ndaj lista e gjatë thjesht kalon te konstruktori. selectItems, aliases, fields, includeSystemVars dhe scope udhëtojnë bashkë si kontekst zgjerimi; një objekt i tillë do të kishte kuptim, por jo i përzier me id dhe field që ndryshojnë në çdo thirrje."
IPO02,IntroduceParameterObject,LongParameterList,SoapBindingFactory,handleMimePart,apache__cxf__6bf89e9c8804/rt/bindings/soap/src/main/java/org/apache/cxf/binding/soap/SoapBindingFactory.java,17,preserved,neutral,reject,"Ruan sjelljen: metoda është private, të gjitha thirrjet u përditësuan dhe fushat shpaketohen menjëherë në variabla lokale. Por klasa HandleMimePartParams merr emrin e metodës, mban të gjithë parametrat dhe ndërtohet me të njëjtat argumente në të njëjtën radhë, ndaj lista e gjatë thjesht kalon te konstruktori."
IPO03,IntroduceParameterObject,LongParameterList,IndexStatisticsDaemonImpl,writeUpdatedStats,apache__derby__bd246fc89d4f/java/org.apache.derby.engine/org/apache/derby/impl/services/daemon/IndexStatisticsDaemonImpl.java,5,preserved,worsens,reject,"Ruan sjelljen: metoda është private, të gjitha thirrjet u përditësuan dhe fushat shpaketohen menjëherë në variabla lokale. Por klasa WriteUpdatedStatsParams merr emrin e metodës, mban të gjithë parametrat dhe ndërtohet me të njëjtat argumente në të njëjtën radhë, ndaj lista e gjatë thjesht kalon te konstruktori. Për më tepër, Javadoc-u i metodës mbetet sipër klasës së re dhe etiketat @param nuk i përgjigjen më nënshkrimit."
IPO04,IntroduceParameterObject,LongParameterList,DMLModStatementNode,fkSetupArrays,apache__derby__bd246fc89d4f/java/org.apache.derby.engine/org/apache/derby/impl/sql/compile/DMLModStatementNode.java,11,preserved,neutral,reject,"Ruan sjelljen: metoda është private, të gjitha thirrjet u përditësuan dhe fushat shpaketohen menjëherë në variabla lokale. Por klasa FkSetupArraysParams merr emrin e metodës, mban të gjithë parametrat dhe ndërtohet me të njëjtat argumente në të njëjtën radhë, ndaj lista e gjatë thjesht kalon te konstruktori. Shumica e parametrave janë vargje dalëse; objekti mban referencat e tyre, ndaj shkrimet mbeten të dukshme te thirrësi. Komenti i shkurtër i metodës mbetet sipër klasës së re."
IPO05,IntroduceParameterObject,LongParameterList,ServerControl,insertEmployeeSampleRecord,apache__empire-db__933dce5536fe/empire-db-examples/empire-db-example-cxf/src/main/java/org/apache/empire/samples/cxf/wssample/server/ServerControl.java,0,preserved,neutral,reject,"Ruan sjelljen: metoda është private, të gjitha thirrjet u përditësuan dhe fushat shpaketohen menjëherë në variabla lokale. Por klasa InsertEmployeeSampleRecordParams merr emrin e metodës, mban të gjithë parametrat dhe ndërtohet me të njëjtat argumente në të njëjtën radhë, ndaj lista e gjatë thjesht kalon te konstruktori. Të dhënat e punonjësit do të ishin koncept i natyrshëm, por klasa përfshin edhe lidhjen me bazën. Komenti i shkurtër i metodës mbetet sipër klasës së re."
IPO06,IntroduceParameterObject,LongParameterList,OozieWorkflowEngine,updateInternal,apache__falcon__470e5e9f5de9/oozie/src/main/java/org/apache/falcon/workflow/engine/OozieWorkflowEngine.java,23,preserved,neutral,reject,"Ruan sjelljen: metoda është private, të gjitha thirrjet u përditësuan dhe fushat shpaketohen menjëherë në variabla lokale. Por klasa UpdateInternalParams merr emrin e metodës, mban të gjithë parametrat dhe ndërtohet me të njëjtat argumente në të njëjtën radhë, ndaj lista e gjatë thjesht kalon te konstruktori."
IPO07,IntroduceParameterObject,LongParameterList,FSUtils,copyFiles,apache__hbase__44f8abd5c65c/hbase-server/src/main/java/org/apache/hadoop/hbase/util/FSUtils.java,16,preserved,neutral,reject,"Ruan sjelljen: metoda është private, të gjitha thirrjet u përditësuan dhe fushat shpaketohen menjëherë në variabla lokale. Por klasa CopyFilesParams merr emrin e metodës, mban të gjithë parametrat dhe ndërtohet me të njëjtat argumente në të njëjtën radhë, ndaj lista e gjatë thjesht kalon te konstruktori. Metoda është rekursive: srcFS, dstFS, conf, pool dhe futures do të ishin kontekst i mirë, por src ndryshon në çdo hap, ndaj krijohet një objekt i ri në çdo thirrje rekursive."
IPO08,IntroduceParameterObject,LongParameterList,SemanticAnalyzer,genGroupByPlanGroupByOperator,apache__hive__2fa22bf36089/ql/src/java/org/apache/hadoop/hive/ql/parse/SemanticAnalyzer.java,70,preserved,worsens,reject,"Ruan sjelljen: metoda është private, të gjitha thirrjet u përditësuan dhe fushat shpaketohen menjëherë në variabla lokale. Por klasa GenGroupByPlanGroupByOperatorParams merr emrin e metodës, mban të gjithë parametrat dhe ndërtohet me të njëjtat argumente në të njëjtën radhë, ndaj lista e gjatë thjesht kalon te konstruktori. Për më tepër, Javadoc-u i metodës mbetet sipër klasës së re dhe etiketat @param nuk i përgjigjen më nënshkrimit."
IPO09,IntroduceParameterObject,LongParameterList,SemanticAnalyzer,getDistinctColIndicesForReduceSink,apache__hive__2fa22bf36089/ql/src/java/org/apache/hadoop/hive/ql/parse/SemanticAnalyzer.java,82,preserved,neutral,reject,"Ruan sjelljen: metoda është private, të gjitha thirrjet u përditësuan dhe fushat shpaketohen menjëherë në variabla lokale. Por klasa GetDistinctColIndicesForReduceSinkParams merr emrin e metodës, mban të gjithë parametrat dhe ndërtohet me të njëjtat argumente në të njëjtën radhë, ndaj lista e gjatë thjesht kalon te konstruktori."
IPO10,IntroduceParameterObject,LongParameterList,SemanticAnalyzer,genBucketingSortingDest,apache__hive__2fa22bf36089/ql/src/java/org/apache/hadoop/hive/ql/parse/SemanticAnalyzer.java,99,preserved,neutral,reject,"Ruan sjelljen: metoda është private, të gjitha thirrjet u përditësuan dhe fushat shpaketohen menjëherë në variabla lokale. Por klasa GenBucketingSortingDestParams merr emrin e metodës, mban të gjithë parametrat dhe ndërtohet me të njëjtat argumente në të njëjtën radhë, ndaj lista e gjatë thjesht kalon te konstruktori."
IPO11,IntroduceParameterObject,LongParameterList,SemanticAnalyzer,genPartnCols,apache__hive__2fa22bf36089/ql/src/java/org/apache/hadoop/hive/ql/parse/SemanticAnalyzer.java,100,preserved,neutral,reject,"Ruan sjelljen: metoda është private, të gjitha thirrjet u përditësuan dhe fushat shpaketohen menjëherë në variabla lokale. Por klasa GenPartnColsParams merr emrin e metodës, mban të gjithë parametrat dhe ndërtohet me të njëjtat argumente në të njëjtën radhë, ndaj lista e gjatë thjesht kalon te konstruktori. Të njëjtët gjashtë parametra udhëtojnë edhe te genBucketingSortingDest (IPO10), por secila metodë merr klasën e vet."
IPO12,IntroduceParameterObject,LongParameterList,SemanticAnalyzer,genSamplePredicate,apache__hive__2fa22bf36089/ql/src/java/org/apache/hadoop/hive/ql/parse/SemanticAnalyzer.java,172,preserved,worsens,reject,"Ruan sjelljen: metoda është private, të gjitha thirrjet u përditësuan dhe fushat shpaketohen menjëherë në variabla lokale. Por klasa GenSamplePredicateParams merr emrin e metodës, mban të gjithë parametrat dhe ndërtohet me të njëjtat argumente në të njëjtën radhë, ndaj lista e gjatë thjesht kalon te konstruktori. Për më tepër, Javadoc-u i metodës mbetet sipër klasës së re dhe etiketat @param nuk i përgjigjen më nënshkrimit."
IPO13,IntroduceParameterObject,LongParameterList,MetricConfigResource,populateMetricConfig,apache__incubator-pinot__d58f8bce4b59/thirdeye/thirdeye-pinot/src/main/java/org/apache/pinot/thirdeye/dashboard/resources/MetricConfigResource.java,1,preserved,neutral,reject,"Ruan sjelljen: metoda është private, të gjitha thirrjet u përditësuan dhe fushat shpaketohen menjëherë në variabla lokale. Por klasa PopulateMetricConfigParams merr emrin e metodës, mban të gjithë parametrat dhe ndërtohet me të njëjtat argumente në të njëjtën radhë, ndaj lista e gjatë thjesht kalon te konstruktori. Me trembëdhjetë parametra pozicionalë, rreziku i ngatërrimit të radhës mbetet njësoj te konstruktori; ndihmë reale do të sillte një builder ose fusha me emër."
IPO14,IntroduceParameterObject,LongParameterList,GTCubeStorageQueryBase,enableStorageLimitIfPossible,apache__kylin__6ee0212af9d5/core-storage/src/main/java/org/apache/kylin/storage/gtrecord/GTCubeStorageQueryBase.java,4,preserved,neutral,reject,"Ruan sjelljen: metoda është private, të gjitha thirrjet u përditësuan dhe fushat shpaketohen menjëherë në variabla lokale. Por klasa EnableStorageLimitIfPossibleParams merr emrin e metodës, mban të gjithë parametrat dhe ndërtohet me të njëjtat argumente në të njëjtën radhë, ndaj lista e gjatë thjesht kalon te konstruktori."
IPO15,IntroduceParameterObject,LongParameterList,GTCubeStorageQueryBase,isExactAggregation,apache__kylin__6ee0212af9d5/core-storage/src/main/java/org/apache/kylin/storage/gtrecord/GTCubeStorageQueryBase.java,6,preserved,neutral,reject,"Ruan sjelljen: metoda është private, të gjitha thirrjet u përditësuan dhe fushat shpaketohen menjëherë në variabla lokale. Por klasa IsExactAggregationParams merr emrin e metodës, mban të gjithë parametrat dhe ndërtohet me të njëjtat argumente në të njëjtën radhë, ndaj lista e gjatë thjesht kalon te konstruktori."
IPO16,IntroduceParameterObject,LongParameterList,MemoryConsumptionTestClient,generateCSV,apache__qpid-broker-j__4c4400b98a5a/tools/src/main/java/org/apache/qpid/tools/MemoryConsumptionTestClient.java,1,preserved,neutral,reject,"Ruan sjelljen: metoda është private, të gjitha thirrjet u përditësuan dhe fushat shpaketohen menjëherë në variabla lokale. Por klasa GenerateCSVParams merr emrin e metodës, mban të gjithë parametrat dhe ndërtohet me të njëjtat argumente në të njëjtën radhë, ndaj lista e gjatë thjesht kalon te konstruktori. Nëntë parametra numerikë dhe logjikë mbeten pozicionalë te konstruktori."
IPO17,IntroduceParameterObject,LongParameterList,WordExtractor,handleParagraph,apache__tika__4131c6e30f2e/tika-parsers/src/main/java/org/apache/tika/parser/microsoft/WordExtractor.java,6,preserved,neutral,reject,"Ruan sjelljen: metoda është private, të gjitha thirrjet u përditësuan dhe fushat shpaketohen menjëherë në variabla lokale. Por klasa HandleParagraphParams merr emrin e metodës, mban të gjithë parametrat dhe ndërtohet me të njëjtat argumente në të njëjtën radhë, ndaj lista e gjatë thjesht kalon te konstruktori. Metoda është rekursive dhe document, pictures, pictureTable, listManager e xhtml formojnë kontekst të vërtetë, por bashkohen me p dhe r që ndryshojnë."
IPO18,IntroduceParameterObject,LongParameterList,TreeItemHandler,createMouseEvent,eclipse__reddeer__59e55d29fc60/plugins/org.eclipse.reddeer.core/src/org/eclipse/reddeer/core/handler/TreeItemHandler.java,0,preserved,worsens,reject,"Ruan sjelljen: metoda është private, të gjitha thirrjet u përditësuan dhe fushat shpaketohen menjëherë në variabla lokale. Por klasa CreateMouseEventParams merr emrin e metodës, mban të gjithë parametrat dhe ndërtohet me të njëjtat argumente në të njëjtën radhë, ndaj lista e gjatë thjesht kalon te konstruktori. Për më tepër, Javadoc-u i metodës mbetet sipër klasës së re dhe etiketat @param nuk i përgjigjen më nënshkrimit."
IPO19,IntroduceParameterObject,LongParameterList,QuartzGFXCMD,getGradient,google__sagetv__a35e3a450b4c/java/sage/miniclient/QuartzGFXCMD.java,0,preserved,neutral,reject,"Ruan sjelljen: metoda është private, të gjitha thirrjet u përditësuan dhe fushat shpaketohen menjëherë në variabla lokale. Por klasa GetGradientParams merr emrin e metodës, mban të gjithë parametrat dhe ndërtohet me të njëjtat argumente në të njëjtën radhë, ndaj lista e gjatë thjesht kalon te konstruktori. Përzien dy koncepte, drejtkëndëshin dhe katër ngjyrat e cepave."
IPO20,IntroduceParameterObject,LongParameterList,SecurityContextHolderMTTests,makeThread,spring-projects__spring-security__8dd2864dea3d/itest/misc/src/integration-test/java/org/springframework/security/context/SecurityContextHolderMTTests.java,3,preserved,neutral,reject,"Ruan sjelljen: metoda është private, të gjitha thirrjet u përditësuan dhe fushat shpaketohen menjëherë në variabla lokale. Por klasa MakeThreadParams merr emrin e metodës, mban të gjithë parametrat dhe ndërtohet me të njëjtat argumente në të njëjtën radhë, ndaj lista e gjatë thjesht kalon te konstruktori. Metodë testi: katër flamujt logjikë mbeten pozicionalë, ndaj thirrjet si (true, false, false, true) lexohen po aq keq; modifikuesit final humbasin, por variablat mbeten efektivisht final."
RNC01,ReplaceNestedConditionalWithGuardClauses,DeepNesting,HeaderParser,parse,SAP__SapMachine__6e62561730c4/src/java.desktop/share/classes/javax/swing/JEditorPane.java,10,preserved,improves,after_edit,"If-i i jashtëm është deklarata e fundit e një metode void pa else, ndaj kthimi i hershëm është i saktë dhe gjithë parser-i del një nivel më lart. Kushti duhet thjeshtuar: !(raw != null) është raw == null."
RNC02,ReplaceNestedConditionalWithGuardClauses,DeepNesting,NativeKeyHolder,releaseKeyID,SAP__SapMachine__6e62561730c4/src/jdk.crypto.cryptoki/share/classes/sun/security/pkcs11/P11Key.java,10,preserved,improves,after_edit,"Kthimi i hershëm ndodh jashtë bllokut synchronized, si edhe kontrolli në origjinal; trupi del një nivel më lart. Kushti duhet shkruar this.nativeKeyInfo == null."
RNC03,ReplaceNestedConditionalWithGuardClauses,DeepNesting,X86Frame,adjustForDeopt,SAP__SapMachine__6e62561730c4/src/jdk.hotspot.agent/share/classes/sun/jvm/hotspot/runtime/x86/X86Frame.java,0,preserved,improves,after_edit,Roje e saktë në fund të metodës void; logjika e deoptimizimit del një nivel më lart. Kushti !( pc != null) duhet shkruar pc == null.
RNC04,ReplaceNestedConditionalWithGuardClauses,DeepNesting,AmbariManagementControllerImpl,validateAuthorizationToUpdateServiceUsersAndGroups,apache__ambari__2bc4779a1e6a/ambari-server/src/main/java/org/apache/ambari/server/controller/AmbariManagementControllerImpl.java,72,preserved,improves,after_edit,Roje e saktë për hyrjen boshe; validimi del një nivel më lart. Kushti duhet thjeshtuar në propertyChanges == null || propertyChanges.isEmpty(); niveli i dytë (kontrolli i autorizimit) mund të bëhej po ashtu roje.
RNC05,ReplaceNestedConditionalWithGuardClauses,DeepNesting,IvySettings,configureRepositories,apache__ant-ivy__4ffcf8f06f23/src/java/org/apache/ivy/core/settings/IvySettings.java,2,preserved,improves,after_edit,"Roje e saktë brenda metodës synchronized, pa asgjë pas if-it; konfigurimi del një nivel më lart. Mohimi i dyfishtë !(!repositoriesConfigured) duhet shkruar thjesht repositoriesConfigured."
RNC06,ReplaceNestedConditionalWithGuardClauses,DeepNesting,BorderPainter,drawBorderSegment,apache__fop__caced35327f6/fop-core/src/main/java/org/apache/fop/render/intermediate/BorderPainter.java,6,preserved,improves,after_edit,"Roje e saktë: if-i mbështillte gjithë metodën void, përfshirë çiftin saveGraphicsState/restoreGraphicsState, që mbetet i plotë pas rojes. Rreth nëntëdhjetë rreshta vizatimi dalin një nivel më lart. Kushti duhet shkruar before.getWidth() == 0."
RNC07,ReplaceNestedConditionalWithGuardClauses,DeepNesting,DistributedRegion,checkForLimitedOrNoAccess,apache__geode__8fd839e8b73e/geode-core/src/main/java/org/apache/geode/internal/cache/DistributedRegion.java,9,preserved,improves,as_is,"Roje e saktë dhe e lexueshme: !(requiresReliabilityCheck && isMissingRequiredRoles) thotë qartë kur nuk ka asgjë për të kontrolluar. Kontrolli i dytë mund të bëhej po ashtu roje, por kjo nuk e pengon pranimin."
RNC08,ReplaceNestedConditionalWithGuardClauses,DeepNesting,JobInProgress,addTrackerTaskFailure,apache__hadoop-mapreduce__307cb5b316e1/src/java/org/apache/hadoop/mapred/JobInProgress.java,12,preserved,improves,after_edit,Roje e saktë në metodë synchronized pa asgjë pas if-it; regjistrimi i dështimeve del një nivel më lart. Krahasimi i mohuar duhet shkruar drejtpërdrejt: flakyTaskTrackers >= clusterSize * CLUSTER_BLACKLIST_PERCENT.
RNC09,ReplaceNestedConditionalWithGuardClauses,DeepNesting,SemanticAnalyzer,checkNoScan,apache__hive__2fa22bf36089/ql/src/java/org/apache/hadoop/hive/ql/parse/SemanticAnalyzer.java,217,preserved,improves,after_edit,Roje e saktë në metodë void pa asgjë pas if-it; zbërthimi i pemës del një nivel më lart. Krahasimi i mohuar duhet shkruar tree.getChildCount() <= 1.
RNC10,ReplaceNestedConditionalWithGuardClauses,DeepNesting,PingFuture,onTimeout,apache__ignite__7a7c407ea414/modules/zookeeper/src/main/java/org/apache/ignite/spi/discovery/zk/internal/ZookeeperDiscoveryImpl.java,44,preserved,improves,as_is,"Roje e saktë: if-i mbështillte vetëm krijimin e punës asinkrone, dhe return-i brenda run0 i klasës anonime nuk preket. Kllapat te !(checkNodeAndState()) janë të tepërta, por nuk ndryshojnë kuptimin."
RNC11,ReplaceNestedConditionalWithGuardClauses,DeepNesting,FSTTermsWriter,close,apache__lucene-solr__bca22d58e2d1/lucene/codecs/src/java/org/apache/lucene/codecs/memory/FSTTermsWriter.java,0,preserved,improves,after_edit,"Roje e saktë: try/finally që shkruan përmbledhjen dhe mbyll rrjedhën mbetet i plotë pas rojes, përfshirë out = null. Kushti duhet shkruar out == null."
RNC12,ReplaceNestedConditionalWithGuardClauses,DeepNesting,TrackerClass,printForensics,apache__manifoldcf__542db79eb866/framework/pull-agent/src/main/java/org/apache/manifoldcf/crawler/jobs/TrackerClass.java,0,preserved,improves,after_edit,"Roje e saktë: dy blloqet synchronized të ndërfutura mbeten të plota pas rojes dhe dalin një nivel më lart. Skedari përdor kllapat në rresht të ri (Allman), ndërsa roja i vendos në të njëjtin rresht; duhet përshtatur stili dhe hequr kllapat e tepërta te !(...isDebugEnabled())."
RNC13,ReplaceNestedConditionalWithGuardClauses,DeepNesting,AbstractJavadocMojo,addArgIfNotEmpty,apache__maven-javadoc-plugin__3ab15eb9ec04/src/main/java/org/apache/maven/plugins/javadoc/AbstractJavadocMojo.java,20,preserved,improves,after_edit,"Roje e saktë: if-i pa else ishte e vetmja deklaratë e metodës void. Kushti !( StringUtils.isNotEmpty( value ) ) duhet shkruar StringUtils.isEmpty( value ), dhe roja duhet të ndjekë stilin Allman të skedarit."
RNC14,ReplaceNestedConditionalWithGuardClauses,DeepNesting,AbstractQueue,registerTransaction,apache__qpid-broker-j__4c4400b98a5a/broker-core/src/main/java/org/apache/qpid/server/queue/AbstractQueue.java,20,preserved,improves,after_edit,"Roje e saktë dhe e natyrshme: !(tx instanceof LocalTransaction) nuk ka formë më të thjeshtë, dhe dega else e brendshme ruhet. Vetëm stili i kllapave nuk përputhet me stilin Allman të skedarit."
RNC15,ReplaceNestedConditionalWithGuardClauses,DeepNesting,FlowToDiskCheckingTask,execute,apache__qpid-broker-j__4c4400b98a5a/broker-core/src/main/java/org/apache/qpid/server/virtualhost/AbstractVirtualHost.java,15,preserved,improves,after_edit,"Roje e saktë: if-i pa else mbështillte gjithë trupin e execute(); cikli i kalimit të mesazheve në disk, me try-with-resources dhe degët else, del i paprekur një nivel më lart. Roja duhet të ndjekë stilin Allman të skedarit dhe kllapat te !(isOverTargetSize()) janë të tepërta."
RNC16,ReplaceNestedConditionalWithGuardClauses,DeepNesting,ReconcileQuery,parseProperty,apache__stanbol__2fcf471b467f/entityhub/jersey/src/main/java/org/apache/stanbol/entityhub/jersey/grefine/ReconcileQuery.java,3,preserved,improves,after_edit,Roje e saktë në metodë statike void; parsimi i vetisë del një nivel më lart. Kushti duhet shkruar jProperty == null; niveli pasues (property == null) mund të bëhej po ashtu roje.
RNC17,ReplaceNestedConditionalWithGuardClauses,DeepNesting,WordExtractor,handleHeaderFooter,apache__tika__4131c6e30f2e/tika-parsers/src/main/java/org/apache/tika/parser/microsoft/WordExtractor.java,3,preserved,improves,after_edit,Roje e saktë: çifti startElement/endElement mbetet i plotë pas rojes dhe cikli i paragrafëve del një nivel më lart. Krahasimi i mohuar !(countParagraphs(ranges) > 0) duhet shkruar countParagraphs(ranges) == 0.
RNC18,ReplaceNestedConditionalWithGuardClauses,DeepNesting,FinishedJobs,checkTasks,eclipse__eclipse.platform.ui__e3bbb556534a/bundles/org.eclipse.e4.ui.progress/src/org/eclipse/e4/ui/progress/internal/FinishedJobs.java,1,preserved,improves,as_is,"Roje e saktë në metodë void pa else; trupi del një nivel më lart dhe përputhet me stilin e skedarit. Kllapat te !(keep(info)) janë të tepërta, por nuk ndryshojnë kuptimin."
RNC19,ReplaceNestedConditionalWithGuardClauses,DeepNesting,Seeker,unmountPaths,google__sagetv__a35e3a450b4c/java/sage/Seeker.java,87,preserved,improves,after_edit,Roje e saktë dhe e lexueshme: !(Sage.LINUX_OS || Sage.MAC_OS_X) thotë qartë kur nuk ka çfarë të çmontohet. Vetëm stili i kllapave nuk përputhet me stilin Allman të skedarit.
RNC20,ReplaceNestedConditionalWithGuardClauses,DeepNesting,GrailsProcessListener,handleDebugEvents,spring-projects__grails-ide__cb5162c5a7fc/org.grails.ide.eclipse.core/src/org/grails/ide/eclipse/core/launch/GrailsLaunchConfigurationDelegate.java,3,preserved,improves,after_edit,"Roje e saktë në metodë void pa else; cikli i ngjarjeve dhe puna asinkrone dalin një nivel më lart, ndërsa project mbetet fushë e kapur njësoj nga klasa anonime. Kushti duhet shkruar events == null || project == null."
